{"Iraq":[38.7936612,29.0612087,48.8412702,37.380932],"Pitcairn":[-130.8049861,-25.1306735,-124.7175339,-23.8655768],"Kiribati":[-174.7433549,-11.6459999,177.0479136,4.9],"Uruguay":[-58.4884235,-35.7847311,-53.0755832,-30.0853439],"Tunisia":[7.5302563,30.24238,11.8801133,37.7612052],"Kenya":[33.9098987,-4.8995203,41.899578,4.62],"British Indian Ocean Territory":[71.036504,-7.6454078,72.7020157,-5.0370659],"Chad":[13.47348,7.44107,24,23.4975],"Peru":[-84.6732789,-20.1984471,-68.652279,-0.0392817],"Kazakhstan":[46.492161,40.5686476,87.3156316,55.4804002],"Ghana":[-3.2607859,4.5874166,1.2079193,11.1750297],"Malta":[13.9324226,35.6029696,14.8267966,36.2852706],"Israel":[34.2676025,29.4533796,35.8950234,33.3356317],"Nepal":[80.0514906,26.347778,88.1992978,30.446945],"Bhutan":[88.7464724,26.702016,92.1252321,28.246987],"Botswana":[19.9986474,-26.9059668,29.375304,-17.7781369],"El Salvador":[-90.1602721,13.0262117,-87.5498059,14.451667],"Switzerland":[5.9559113,45.817995,10.4922941,47.8084648],"Somalia":[40.9864985,-1.8031968,51.6177696,12.1889121],"Cayman Islands":[-81.6313747,19.0620619,-79.5110953,19.9573759],"Falkland Islands (Malvinas)":[-61.7726771,-53.1186765,-57.3662366,-50.7973006],"Réunion":[55.0032808,-21.5904457,56.0507905,-20.6727639],"Turkmenistan":[52.335076,35.141667,66.684303,42.7975571],"Eritrea":[36.443333,12.3548219,43.2674235,18.0801739],"Martinique":[-61.4355043,14.2217382,-60.602281,15.0795095],"Bosnia and Herzegovina":[15.7287433,42.2108936,19.6217086,45.2764771],"Tanzania, United Republic of":[29.3269773,-11.7612539,40.6584071,-0.9820299],"Georgia":[39.8844803,41.0552922,46.7365373,43.5864294],"Belgium":[2.3889137,49.4969821,6.4080405,51.5516667],"Equatorial Guinea":[5.4172943,-1.6619999,11.3598628,3.989],"Eswatini":[30.7908,-27.31752,32.1349923,-25.7187599],"Cambodia":[102.3338282,9.4230459,107.6276788,14.6902693],"Namibia":[11.5280384,-28.9694499,25.2617476,-16.9634854],"Guinea":[-15.2685692,7.1906045,-7.6381992,12.67563],"Sweden":[10.5920778,55.1331192,24.1776819,69.0599699],"Iceland":[-25.0135067,63.0859177,-12.8046161,67.353],"Trinidad and Tobago":[-62.0830559,9.8732106,-60.2895847,11.5628372],"Taiwan, Province of China":[114.3521088,10.3706406,122.297,26.4015754],"Panama":[-83.0517244,7.0338679,-77.1393778,9.8701757],"Micronesia (Federated States of)":[137.2234512,0.827,163.2364054,10.291],"Brunei Darussalam":[114.076123,4.002508,115.3635623,5.1011857],"Holy See":[12.4457442,41.9002044,12.4583555,41.9073912],"Tokelau":[-172.7213672,-9.6442498,-170.9797585,-8.332863],"Guernsey":[-3.0204014,49.2208333,-2.0351849,49.9416066],"San Marino":[12.4033246,43.8937002,12.5160665,43.992093],"Austria":[9.5307265,46.3722761,17.160776,49.0205304],"Guatemala":[-92.3105241,13.6278662,-88.1322857,17.8166179],"Comoros":[43.025305,-12.6209999,44.7451922,-11.1649999],"South Sudan":[23.447778,3.48898,35.948997,12.236389],"Russian Federation":[-179.9999999,41.1858711,180,82.0586232],"Guam":[144.563426,13.182335,145.009167,13.706179],"Samoa":[-173.0091863,-14.2770915,-171.1929228,-13.2381891],"Tajikistan":[67.3308737,36.6710411,75.1539563,41.0450935],"Italy":[6.6272658,35.2889616,18.7844746,47.0921462],"Jersey":[-2.5591666,48.8721667,-1.8333332,49.4605],"Albania":[19.1246095,39.6448625,21.0574335,42.6611669],"Belarus":[23.1783874,51.2575982,32.7627809,56.1722235],"Korea (Democratic People's Republic of)":[124.0913902,37.6279512,130.924647,43.0089642],"Greece":[19.2477876,34.7006096,29.7296986,41.7488862],"Venezuela (Bolivarian Republic of)":[-73.3529631,0.647529,-59.5427078,15.9158431],"Maldives":[72.3554187,-0.9074934,73.9700962,7.3106246],"Czechia":[12.0905901,48.5518144,18.859216,51.0557036],"Virgin Islands (British)":[-64.955961,18.1055311,-64.0597293,18.9503802],"Tonga":[-179.399435,-24.1611591,-173.5295457,-15.3655721],"Aruba":[-70.2695875,12.262778,-69.6612259,12.823],"Bangladesh":[88.0075306,20.3756582,92.6804979,26.6382534],"Bulgaria":[22.357337,41.2353929,28.8875409,44.2162214],"Gibraltar":[-5.367415,36.1088972,-5.3376641,36.1550376],"Cuba":[-85.1679701,19.6275294,-73.9190003,23.4816972],"Papua New Guinea":[140.8416553,-11.8555738,159.692724,-0.5573575],"Philippines":[112.16672,4.3833541,127.0737203,21.5296298],"Jordan":[34.8844372,29.1850356,39.3012981,33.3751558],"Saudi Arabia":[34.4571718,16.2970094,55.6666985,32.2305891],"Mongolia":[87.73762,41.5804176,119.931949,52.1496],"Honduras":[-89.3519439,12.979722,-83.0416822,16.6123703],"Barbados":[-59.8562114,12.845,-59.2147174,13.535],"Egypt":[24.706389,21.9999975,37.056878,31.8330854],"Mexico":[-118.5991899,14.3886243,-86.4932659,32.7186553],"Liechtenstein":[9.4716736,47.0484291,9.6356428,47.2705781],"Germany":[5.8663153,47.2701114,15.0419319,55.099161],"Djibouti":[41.7713139,10.9149547,43.6555985,12.7779027],"Saint Vincent and the Grenadines":[-61.665747,12.5166548,-60.9094145,13.583],"Croatia":[13.202851,42.1748212,19.4493051,46.555029],"Canada":[-141.0027499,41.6765556,-52.323198,83.3362128],"Ecuador":[-92.6828789,-5.0159313,-75.1925039,2.3495499],"Azerbaijan":[44.7633701,38.3929551,51.0090302,41.9502947],"Gabon":[8.5734614,-4.0689434,14.539444,2.3182171],"Lebanon":[34.8825667,33.0479858,36.625,34.6923543],"Grenada":[-62.0065867,11.786,-61.1732142,12.5966532],"Palestine, State of":[34.0689732,31.2200077,35.5734946,32.5521479],"Algeria":[-8.6689089,18.968147,11.997337,37.2962055],"Syrian Arab Republic":[35.4714427,32.311354,42.3745687,37.3184589],"Luxembourg":[5.7357006,49.4478539,6.5309951,50.1827712],"South Georgia and the South Sandwich Islands":[-42.1349052,-59.6839999,-25.8468302,-53.4531685],"Poland":[14.1229707,49.0020305,24.1458511,55.0336963],"Turks and Caicos Islands":[-72.6799045,20.9553418,-70.864359,22.1630989],"Sao Tome and Principe":[6.2607431,-0.1739999,7.6690245,1.925],"Mauritius":[56.3825151,-20.7249999,63.7151319,-10.1379999],"Moldova, Republic of":[26.6162823,45.4667022,30.1635137,48.4918695],"Solomon Islands":[155.3190556,-13.2424297,170.3964667,-4.8108499],"Liberia":[-11.6080763,4.1608982,-7.3673229,8.5519717],"Monaco":[7.409038,43.516333,7.533167,43.7519311],"Burkina Faso":[-5.5175099,9.393889,2.40261,15.084],"Latvia":[20.6715407,55.6746881,28.2414904,58.0855688],"Kyrgyzstan":[69.2649523,39.1728437,80.2295793,43.2663918],"Benin":[0.776667,6.0635402,3.843343,12.4065612],"Lao People's Democratic Republic":[100.0843247,13.9096752,107.6349989,22.502872],"Morocco":[-17.2122302,21.3365321,-0.9984289,36.0027875],"Northern Mariana Islands":[144.813338,14.036565,146.154418,20.616556],"Singapore":[103.5682608,1.1303611,104.096843,1.4771728],"Dominican Republic":[-72.0082305,17.3714998,-68.2007577,20.0494221],"India":[68.1113787,6.5546079,97.395561,35.6745457],"Saint Lucia":[-61.2853866,13.508,-60.6669362,14.2725],"Vanuatu":[166.3355255,-20.4627424,170.449982,-12.8713775],"Suriname":[-58.0708329,1.8312802,-53.8433357,6.225],"Fiji":[-179.9999999,-21.2286516,180,-12.2613865],"France":[-178.3873748,-50.2187168,172.3057152,51.268318],"Tuvalu":[-179.9999999,-10.9939388,180,-5.436961],"Cook Islands":[-166.0856467,-22.1580699,-157.1154965,-8.7168791],"Finland":[19.0832098,59.4541578,31.5867044,70.0922939],"Greenland":[-74.294555,59.5209376,-9.5914437,83.7491212],"Afghanistan":[60.503889,29.388333,74.889862,38.4899217],"Antigua and Barbuda":[-62.5536516,16.7573901,-61.4478569,17.929],"Nigeria":[2.676932,4.1042196,14.677982,13.885645],"Zambia":[21.996389,-18.0766964,33.7025,-8.2712821],"Rwanda":[28.8617546,-2.8389803,30.8995435,-1.0448232],"Armenia":[43.4471395,38.8404775,46.6333087,41.300712],"Saint Pierre and Miquelon":[-56.697296,46.5507173,-55.9033332,47.365],"United Arab Emirates":[51.4160714,22.6316214,56.6024458,26.1517219],"Brazil":[-73.9830624,-33.8689055,-28.6341163,5.2834573],"Australia":[72.2460938,-55.3228174,168.2249543,-9.190427],"Norway":[-9.6848145,-54.6539999,34.6891253,81.028076],"Costa Rica":[-87.2722646,5.3329698,-82.5060207,11.214167],"Dominica":[-61.6869183,15.0074207,-61.0329894,15.7872222],"Paraguay":[-62.6442633,-27.6012696,-54.2579999,-19.0608853],